click_track_60bpm.mp3, 60
click_track_61bpm.mp3, 61
click_track_62bpm.mp3, 62
click_track_63bpm.mp3, 63
click_track_64bpm.mp3, 64
click_track_65bpm.mp3, 65
click_track_66bpm.mp3, 66
click_track_67bpm.mp3, 67
click_track_68bpm.mp3, 68
click_track_69bpm.mp3, 69
click_track_70bpm.mp3, 70
click_track_71bpm.mp3, 71
click_track_72bpm.mp3, 72
click_track_73bpm.mp3, 73
click_track_74bpm.mp3, 74
click_track_75bpm.mp3, 75
click_track_76bpm.mp3, 76
click_track_77bpm.mp3, 77
click_track_78bpm.mp3, 78
click_track_79bpm.mp3, 79
click_track_80bpm.mp3, 80
click_track_81bpm.mp3, 81
click_track_82bpm.mp3, 82
click_track_83bpm.mp3, 83
click_track_84bpm.mp3, 84
click_track_85bpm.mp3, 85
click_track_86bpm.mp3, 86
click_track_87bpm.mp3, 87
click_track_88bpm.mp3, 88
click_track_89bpm.mp3, 89
click_track_90bpm.mp3, 90
click_track_91bpm.mp3, 91
click_track_92bpm.mp3, 92
click_track_93bpm.mp3, 93
click_track_94bpm.mp3, 94
click_track_95bpm.mp3, 95
click_track_96bpm.mp3, 96
click_track_97bpm.mp3, 97
click_track_98bpm.mp3, 98
click_track_99bpm.mp3, 99
click_track_100bpm.mp3, 100
click_track_101bpm.mp3, 101
click_track_102bpm., 102
click_track_103bpm.mp3, 103
click_track_104bpm.mp3, 104
click_track_105bpm.mp3, 105
click_track_106bpm.mp3, 106
click_track_107bpm.mp3, 107
click_track_108bpm.mp3, 108
click_track_109bpm.mp3, 109
click_track_110bpm.mp3, 110
click_track_111bpm.mp3, 111
click_track_112bpm.mp3, 112
click_track_113bpm.mp3, 113
click_track_114bpm.mp3, 114
click_track_115bpm.mp3, 115
click_track_116bpm.mp3, 116
click_track_117bpm.mp3, 117
click_track_118bpm.mp3, 118
click_track_119bpm.mp3, 119
click_track_120bpm.mp3, 120
click_track_121bpm.mp3, 121
click_track_122bpm.mp3, 122
click_track_123bpm.mp3, 123
click_track_124bpm.mp3, 124
click_track_125bpm.mp3, 125
click_track_126bpm.mp3, 126
click_track_127bpm.mp3, 127
click_track_128bpm.mp3, 128
click_track_129bpm.mp3, 129
click_track_130bpm.mp3, 130
click_track_131bpm.mp3, 131
click_track_132bpm.mp3, 132
click_track_133bpm.mp3, 133
click_track_134bpm.mp3, 134
click_track_135bpm.mp3, 135
click_track_136bpm.mp3, 136
click_track_137bpm.mp3, 137
click_track_138bpm.mp3, 138
click_track_139bpm.mp3, 139
click_track_140bpm.mp3, 140
click_track_141bpm.mp3, 141
click_track_142bpm.mp3, 142
click_track_143bpm.mp3, 143
click_track_144bpm.mp3, 144
click_track_145bpm.mp3, 145
click_track_146bpm.mp3, 146
click_track_147bpm.mp3, 147
click_track_148bpm.mp3, 148
click_track_149bpm.mp3, 149
click_track_150bpm.mp3, 150
click_track_151bpm.mp3, 151
click_track_152bpm.mp3, 152
click_track_153bpm.mp3, 153
click_track_154bpm.mp3, 154
click_track_155bpm.mp3, 155
click_track_156bpm.mp3, 156
click_track_157bpm.mp3, 157
click_track_158bpm.mp3, 158
click_track_159bpm.mp3, 159
click_track_160bpm.mp3, 160
click_track_161bpm.mp3, 161
click_track_162bpm.mp3, 162
click_track_163bpm.mp3, 163
click_track_164bpm.mp3, 164
click_track_165bpm.mp3, 165
click_track_166bpm.mp3, 166
click_track_167bpm.mp3, 167
click_track_168bpm.mp3, 168
click_track_169bpm.mp3, 169
click_track_170bpm.mp3, 170
click_track_171bpm.mp3, 171
click_track_172bpm.mp3, 172
click_track_173bpm.mp3, 173
click_track_174bpm.mp3, 174
click_track_175bpm.mp3, 175
click_track_176bpm.mp3, 176
click_track_177bpm.mp3, 177
click_track_178bpm.mp3, 178
click_track_179bpm.mp3, 179
click_track_180bpm.mp3, 180